{
  "name": "core-ajax",
  "private": true,
  "dependencies": {
    "polymer": "Polymer/polymer#master"
  },
  "devDependencies": {
    "polymer-test-tools": "Polymer/polymer-test-tools#master"
  },
  "homepage": "https://github.com/Polymer/core-ajax",
  "_release": "5e0d9f8b21",
  "_resolution": {
    "type": "branch",
    "branch": "master",
    "commit": "5e0d9f8b21eccb0d82d34800b224447e4c1a576d"
  },
  "_source": "git://github.com/Polymer/core-ajax.git",
  "_target": "master",
  "_originalSource": "Polymer/core-ajax"
}