{
  "name": "core-animated-pages",
  "private": true,
  "dependencies": {
    "polymer": "Polymer/polymer#master",
    "core-selector": "Polymer/core-selector#master",
    "core-style": "Polymer/core-style#master",
    "core-transition": "Polymer/core-transition#master"
  },
  "homepage": "https://github.com/Polymer/core-animated-pages",
  "_release": "94b2e98749",
  "_resolution": {
    "type": "branch",
    "branch": "master",
    "commit": "94b2e9874907994afb99ebe0efaad3410374e7f8"
  },
  "_source": "git://github.com/Polymer/core-animated-pages.git",
  "_target": "master",
  "_originalSource": "Polymer/core-animated-pages"
}