{
  "name": "core-animation",
  "private": true,
  "dependencies": {
    "polymer": "Polymer/polymer#^0.3.0",
    "web-animations-js": "web-animations/web-animations-js#master"
  },
  "homepage": "https://github.com/Polymer/core-animation",
  "version": "0.3.6",
  "_release": "0.3.6",
  "_resolution": {
    "type": "version",
    "tag": "0.3.6",
    "commit": "a3f1e7a70c5f234ae5c854a55070ba84c9235ad0"
  },
  "_source": "git://github.com/Polymer/core-animation.git",
  "_target": "^0.3.0",
  "_originalSource": "Polymer/core-animation"
}